Rating,Label,Review
2,CG,for first two week kept ice cold min i notic differ ice strength still colder averag ice cube i past i plea qualiti ice cube i receiv 2nd one discount exchang honest
5,CG,i 've read review thought good idea small kitchen i n't want spend ton money pan the pan made stainless steel handl thin plastic one thi pan hold larg amount butter lot oil i replac stainless
5,CG,bought three they work well qualiti the reason i gave star i firm believ n't get right hurt hand i buy anoth one niece.i bought put closet keep thing closet
5,CG,thi pan awesom it hold huge amount butter also make nice cup coffe i replac coupl piec plastic pan get work properli i love color pan 's rich red the handl great 's easi lift hang
2,OR,veri cheap fit tightli properli bed thread come initi wash/dri cycl get rid smell just feel cheap would recommend i 'm also convinc 's actual cotton feel like polyest if i known i would bought would recommend it 's nice 's cheap case realli get pay
1,OR,realli cool concept would n't cut veggi way gap board blade i ad photo clearli see gap mayb i got faulti item mayb also video review i 've seen safeti clip red piec one i receiv black could fake would recommend
5,OR,great item i purchas add collect heart shape pan prepar valentin 's day now i three differ size give option decor thi standard wilton pan materi heart shape it 's smallest size light weight aluminum materi it light color pan dark color it work well make heart shape cake
5,OR,i wish king size would littl bit wider way make the pictur show spread almost touch floor bed higher n't come far other i love it heavi take night easi hassl take
5,OR,i need shaker go truffl salt i give gift these great the top screw n't turn upsid fill there differ hole size choos simpli turn whole top it come apart easi clean they come pair i gave one gift kept one i love
1,OR,when i went screw charg first time metal took skin finger a day later i notic pointer finger chunk skin miss i 'd bleed idea 3rd time happen i figur veri sharp danger you see happen pictur
3,OR,ok i say who write review for total rip the candl holder made press aluminum the stand saturday screw togeth piec it 's paint fake gold bronz color i hope amazon put stop custom review fals miss lead had price 29.99 would great valu
5,OR,i use today work wonder i put unit refriger lunch bag i could grab go morn my homemad soup nice warm lunch time no wait microwav nice i 'm go pasta dish next i 'm realli glad part lunch gear it work well
4,CG,i 've use coupl week i 'm happi result it easi use attach easi use the thing i like lid small thi i order price it bit smaller i thought i think
5,CG,we happi set qualiti i keep review futur reference.i bought friend love it 's great store rice pasta egg fridg i two week happi i 'm happi
4,CG,i found brand new one best i keep old one gift.lov the plastic part sturdi cover sturdy.th lid great the lid thick i use heat coffe i pot i hang top
5,CG,thi curtain bright cheer wide comfort fit it nice curtain.i bought friend tall woman she plea it look good bed i would recommend anyone.i bought put closet keep thing closet
5,CG,i bought bottl open daughter it littl pricey work great great qualiti the plastic part sturdi ca n't go wrong it great price i would highli recommend product.i purchas husband 's great i love i order one
5,CG,hamilton beach product nice the problem 's kind hard put bottom top the plastic part also hard put sides.i product year it well made hold lot food it easi store clean it well made
5,CG,sinc mother use coupl time week i ca n't imagin would use the plastic part also thin sturdi the thing i would chang buy fresh set thi one still good qualiti i would recommend anyon kitchen full kid
4,CG,overal i like product i love look feel pillow i wish two top sheet differ 're pillow i would definit recommend product.lov i pleased.i bought replac broken one i bought year ago i want old one
5,OR,i bought room cat litter pan the filter came fan work i want see would better i surpris differ within hour room freshest hous the room 12x14 notic differ even adjoin room i think even cat notic
5,OR,i like air circul room i sleep n't like blow directli like ceil fan i aim direct still get airflow directli blow i fan month use everi night seem well built nice design
5,OR,i alreadi full blown carpet steamer hoover brand work part suit need larg carpet area i want someth le cumbersom small events/spills/dog puke stair tighter space larger cleaner ca n't easili get thi fit bill it 's easi haul store use clean sadli i opportun use regularli
5,OR,thi hand blender work great easi cleanup easi storag sinc blade portion shaft disconnect motor clean have break two piec allow blender store easili drawer the adjust power level great howev i would sure appreci `` stay '' button next model thi blender great make quick whey protein fruit shake
5,OR,often hard say someth nice product suppos keep warm well truli honest product well design pocket it n't fill howev feather insid excel job the cover quiet love sheen i feel comfort recommend sweet jojo design it kept u warm look great queen bed
5,OR,i purchas set husband christma love they stay cold amaz amount time advertis n't dilut whatev put we use husband 's cocktail also soup tea kid n't pick flavor they use i ever imagin
